one-sentence,two-sentence,three-sentence,four-sentence,five-sentence
642755,1648253,866437,1573858,1449082
163439,1265739,890546,247762,877330
305922,1884354,903810,1988283,52702
1477744,753046,1962507,775277,1278209
248561,1100478,1655032,632066,1938289
687254,857148,306103,846610,1016511
996562,1121874,729908,1816776,949820
403290,1980997,1219504,1744803,1511691
394358,1113492,1966458,313171,1030882
500430,116359,941625,449649,1113960
1109983,847175,429357,233535,1951906
486827,1505585,1352488,367943,375387
1813112,1648253,642755,866437,1573858
604914,878520,247762,1506461,877330
951708,544080,134706,1395959,992965
1062738,680178,136352,798423,29152
1534493,429161,1309752,632654,1825516
318907,1966458,394358,313171,1030882
195042,1265739,1353896,247762,877330
1505585,248191,436416,1755555,291284
970187,381064,449649,1113960,802369
305922,903810,684435,1263154,52702
13719,211841,1235830,287113,1282117
1030882,1685523,1802138,1424740,1627900
993875,802562,972910,1271846,974405
211841,571360,1235830,287113,1282117
866906,1551316,1046481,1629045,1368749
1608156,33168,587740,1963705,381064
753046,304694,1962507,775277,1278209
1634421,905497,871833,1694277,839001
1810787,1412999,1459780,1937461,1336549
262697,446032,1512974,346883,629721
1347855,56630,1324840,850365,807327
305922,903810,1263154,684435,52702
1219504,1147818,1744803,1512091,981575
1472680,1364852,1764777,1278209,1138438
514977,1922982,979667,109136,1473067
1352488,790634,367943,162559,569160
1570913,1725138,321507,213412,1490390
1655032,1282251,76892,718311,1231381
1518595,1378509,302315,1101440,176570
890546,163439,1265739,247762,877330
1655032,898482,1476836,1068791,1414704
242319,904401,632938,583775,839312
1231690,1477979,1980997,690119,1744803
1519049,790852,935932,1958371,916664
981575,717775,403290,1980997,1744803
304694,1962507,775277,1278209,1138438
1962507,775277,1086253,1278209,121375
1962507,775277,689797,304694,1278209
112623,705737,1309752,621871,1479406
1309752,1825516,632654,1996124,1289675
1821977,1275125,175934,282519,1760477
642755,1648253,1449082,866437,1573858
1305010,898482,183283,1212694,632066
415962,632066,1655032,1784538,1001335
1827709,583385,1303324,1642629,1909909
498618,211841,1235830,287113,1282117
1423453,1048520,288870,1239022,1581806
1703283,877330,1951571,959372,814398
346883,1417312,960912,1631677,472512
1595197,1203706,1149561,1585648,865199
730464,211841,287113,1235830,1282117
1636702,1608156,587740,1963705,381064
153652,1494182,1612328,1866830,1253110
1699047,1505585,1352488,367943,1399635
1247417,687254,1184364,1998097,846610
423162,1343220,106384,716254,432640
403290,981575,1980997,1041361,1197021
367529,94725,996562,807897,1572254
43261,1770523,1942935,1056341,1416660
1661177,1449082,1234906,1588520,1481341
642755,849448,1648253,1449082,866437
752749,190085,429357,847175,1951906
932324,1607681,1647533,1134380,1133539
535487,1231405,653475,78022,1850060
996402,623606,1030882,1540079,1802138
849296,1003087,1816776,1673126,1121874
1065362,381064,913906,802369,1398031
1213193,1089311,847175,1951906,871833
912523,1966458,1666831,313171,1030882
1130481,658700,1909146,1565158,112623
1477744,753046,1962507,775277,1278209
1692123,1905820,1945350,114315,769727
346883,863764,1065362,430362,1301275
977317,1003950,157301,381064,279843
1219504,1147818,981575,1512091,403290
1621176,953337,1625109,476370,620226
1744803,1255371,1784691,1512091,981575
1608156,587740,250523,1963705,381064
1064144,322548,157885,1991163,1404761
644602,822335,1217658,838654,144322
1512974,262697,620226,346883,244722
977317,392230,630110,157301,279843
903810,1236913,1121015,433058,52702
1913696,516497,293851,1023450,981278
129455,1247493,1889847,865199,916306
1089311,752749,847175,429357,871833
265206,1433204,1023450,1501556,683009
1368543,1838276,326441,1049353,339578
1660150,865199,993925,202110,447985
336948,1698435,1213193,1440673,1951906
1393086,1149021,624458,539441,1987247
346883,1417312,709141,22643,476370
1265739,609366,247762,877330,1951571
318907,394358,1966458,313171,1030882
753046,406746,1962507,775277,1278209
498618,211841,287113,1235830,1282117
1565158,112623,1534493,1825516,1309752
1369341,1352488,486827,367943,1505585
29886,549040,1666635,1627900,1424740
1094240,1089573,851980,772767,287103
129065,1563898,1588245,687254,220663
1342757,904112,1882951,257000,687254
978807,1595197,1203706,1149561,1585648
1558410,726934,1315450,1202316,1705555
1771384,1004649,1980997,427590,1744803
1625109,1417312,953337,620226,476370
1089311,752749,847175,429357,871833
1966458,313171,1946906,1030882,318907
305922,1263154,684435,903810,52702
1231149,1301509,124776,729908,1629003
183283,1784538,898482,632066,1001335
849296,1000680,1819898,1892093,673240
1398812,1355433,1845768,1127294,1505734
753046,304694,1962507,775277,1278209
1963705,381064,33168,1003950,802369
1265739,1285061,877330,247762,195042
639042,1449082,1573858,1065835,1381325
1620055,411804,415874,5654,729908
632654,1534493,1825516,1359784,1289675
264227,1263154,684435,903810,52702
1699047,486827,1505585,1352488,367943
1820599,1906266,1045103,478529,58126
642755,1648253,866437,1573858,1449082
1101465,1205996,6426,1194212,1897504
753046,1962507,775277,517564,1278209
211841,498618,1235830,287113,1282117
618296,1749541,257000,843786,687254
498618,211841,1235830,1282117,287113
1213193,1089311,847175,871833,429357
981575,717775,403290,1980997,1744803
1505585,1352488,367943,436416,1043731
866437,1813112,642755,1648253,1573858
978807,1595197,1203706,1149561,865199
846610,904112,1342757,257000,687254
519866,1977792,1962341,1966208,1303138
1030882,1300617,558678,1802138,522419
1413720,674249,429161,1534493,1825516
1438925,814152,1648253,1234906,1449082
642755,1648253,866437,1813112,1573858
1130481,681054,1565158,1691071,112623
1573858,592290,1449082,1234906,1200095
304694,1024114,1962507,775277,1278209
1962507,1231381,775277,1630184,1278209
979494,346883,423447,736738,730356
953337,678401,620226,1417312,476370
866437,1573858,1648253,642755,1234906
305922,1263154,684435,903810,52702
516426,802369,1792806,1739155,1473852
843275,1893039,1505585,1352488,367943
642755,1648253,866437,1573858,1449082
1727385,1427104,1605752,809701,1843606
1208957,1020326,1962507,775277,1278209
132017,1418800,687254,712110,119058
843803,430362,1417312,299707,620226
775277,649732,1540079,1278209,1138438
1505585,1273483,1352488,367943,162559
211841,498618,287113,1235830,1282117
99435,1777339,571056,879849,1113077
211841,730464,1235830,287113,1282117
632654,1534493,1825516,1359784,1289675
1025209,1966335,1743356,836490,578728
1412274,302492,1146674,1825666,1703283
1085218,1260510,375741,1665545,563608
1496560,1892093,1915599,1934327,849296
1147818,670810,1512091,1744803,1980997
1001335,1655032,549236,865571,1899199
498618,211841,1235830,287113,1282117
890546,163439,1265739,247762,877330
796851,1483916,1975989,1941619,295650
1968150,97726,992240,715127,623056
674249,1551316,1360507,1745560,1518787
1215119,1973223,1260510,1962813,778087
866437,1573858,1588520,1449082,1234906
305922,903810,684435,1263154,52702
662381,1699047,1505585,1352488,367943
476370,620226,960912,346883,737552
1648253,663796,1449082,866437,1573858
1202316,1802138,1091069,1779201,1918027
1258506,869307,1494780,1793277,1467112
1379811,1802463,649649,1900631,1674579
981575,670810,717775,1980997,1744803
305922,1263154,684435,903810,52702
1273143,912523,1966458,313171,1030882
797278,162559,367943,1709207,1280851
150380,310272,1289675,152029,724081
1744803,1860609,802735,551267,666500
264227,1468839,684435,903810,52702
1784538,898482,632066,1001335,1655032
515594,367943,47364,162559,436416
955832,1962507,775277,1556627,1278209
1138002,1282117,1235830,928193,13719
1544851,233386,367943,162559,1352488
871833,116912,832963,1424740,1627900
978807,1595197,1203706,1149561,865199
1219504,1147818,1744803,1512091,981575
1882951,1342757,859628,257000,687254
1360608,202016,914492,581041,1642867
1961561,630176,1505585,1352488,367943
649649,1655032,898482,1900631,1674579
1053880,1801597,707277,256826,1454718
642755,1648253,866437,1573858,1449082
674249,429161,1534493,1825516,1289675
1988945,1774435,1577028,1510784,878626
1342757,988066,257000,1022496,687254
1352488,367943,1544851,233386,162559
1648253,642755,1449082,1813112,91227
429357,1231381,1995737,1920120,1951906
1384461,394358,1966458,313171,1030882
1059009,1573774,928876,1333498,1082235
978807,1595197,1203706,1149561,865199
924381,1112784,1116704,1030882,1802138
943769,1667857,1780416,744925,878524
639042,1449082,1573858,1065835,1381325
1507716,558961,1744803,403290,1980997
642833,687254,1051290,1008893,1048520
1747143,81826,268529,463534,1666831
1398705,1137999,682469,1156641,1874973
183283,1655032,865571,632066,898482
1961102,1412787,518215,1068791,1010051
318907,394358,1966458,313171,1030882
1505585,1352488,367943,326188,162559
1581160,68178,632307,194134,1881067
1332359,304694,775277,1962507,1278209
1739118,1054563,1516733,1422567,1078605
1922497,50204,423032,1030882,1802138
304786,1100125,1512091,1744803,1029599
835619,429357,118119,1951906,723473
1784538,1261047,898482,632066,1001335
1663036,638834,414760,983676,1392512
1621032,1608156,587740,1963705,381064
1776620,1287568,620098,1551316,674249
589745,753046,775277,923437,1138438
733482,462858,960102,1293884,1248179
394358,912523,1966458,313171,1030882
1108270,1868711,1523449,734374,1017625
264227,1263154,684435,903810,52702
305922,903810,684435,1263154,52702
1413720,429161,1534493,1825516,1359784
1381723,3291,749206,1624776,993908
1477744,753046,775277,923437,1138438
1882951,926749,687254,319232,846610
863472,1662717,1357055,1393402,1740041
1213193,1089311,847175,871833,429357
1473009,1629973,246845,361948,1980997
1342757,904112,1882951,257000,687254
846610,904112,1342757,257000,687254
996562,1121874,729908,1816776,949820
620098,632938,1551316,674249,349561
647736,1278884,563591,1483012,969948
632938,1287568,1551316,674249,620098
394358,912523,1966458,313171,1030882
981575,1980997,1315450,1202316,1744803
1872381,840951,1975067,450890,287817
979667,344873,1402553,1363154,572942
1163633,934992,1796217,1416660,287817
999686,1093339,787338,1309752,140376
1995737,522419,776021,979173,879213
987478,979667,1363154,572942,1412622
717775,403290,1980997,1744803,587380
1407092,87476,724663,1460849,45899
1265739,247762,1757891,877330,1951571
1813112,642755,1648253,1449082,866437
1147276,1865486,1277857,1034563,372697
705737,498484,839044,477032,1997888
1892093,1901179,1761420,197291,1217098
1313839,1684921,1891257,1383208,1446246
878051,741813,1003886,1331393,421429
1298435,1596327,843935,616322,70410
970698,560975,1416660,1065362,287817
1477744,753046,775277,923437,1138438
898482,1240379,325143,767942,522289
1904307,184065,988809,1638385,1671591
898482,1001335,1517792,1655032,1899199
498618,211841,287113,1235830,1282117
1402553,979667,1363154,1412622,572942
1289675,116912,937893,1627900,762322
1695831,741961,23042,687254,1058889
195042,1265739,163439,247762,877330
1673505,1944977,121726,322225,1192813
1549299,76201,979667,1535463,344873
1671345,1608157,129971,936217,280575
1534493,1825516,1359784,350020,1289675
1265739,890546,163439,877330,247762
1600156,1385974,1024700,1747508,1058889
1147818,1744803,1255371,1512091,981575
903810,1884354,684435,1263154,52702
1962507,775277,1168945,1049977,1278209
1904307,1908973,988809,1980159,1638385
498618,211841,1235830,287113,1282117
356558,1289675,116912,1424740,1627900
1963705,381064,932324,802369,1958880
264227,1263154,684435,903810,52702
1485077,1085218,1260510,375741,1665545
1351219,184065,1963252,276004,1671591
1224075,1534493,429161,156997,1825516
163439,195042,1265739,247762,877330
1510554,450890,403256,1359784,339305
1791497,1961555,321734,1649894,1398705
311890,1961555,321734,1649894,1398705
1666888,1585648,865199,160482,336925
592762,1309752,1909146,1815290,1277857
1963705,594907,381064,356833,802369
394358,1966458,1564511,313171,1030882
1207723,287113,1235830,1282117,1986024
587740,1963705,381064,950384,1003950
1784538,1261047,898482,632066,1001335
1417312,1053880,620226,1793860,1675979
1813793,1816776,1003087,1673126,1121874
1962507,775277,304694,1864353,1278209
1542146,863629,110989,1694590,717374
1524018,361920,990890,1671591,184065
1213193,1089311,847175,1951906,871833
1402775,522350,977317,316094,157301
1583898,1797310,1349839,1850060,523413
1917242,1402553,63864,979667,1844725
436416,1893039,1505585,1352488,367943
784262,1582935,972592,773611,582549
138919,956158,208690,265206,1023450
1907077,1310950,288870,1063271,277636
835619,847175,836935,1951906,871833
790852,1958371,935932,916664,1999433
866906,1353918,911275,674249,402419
753046,304694,1962507,775277,1278209
558188,504948,1689797,865199,1670549
753046,91607,1962507,775277,1278209
376427,1958207,951708,1602656,1978008
1477744,753046,1962507,775277,1278209
1720115,1512091,670810,1705066,586803
657705,354895,1748934,43661,1633536
1744803,1512091,981575,589179,1980997
163439,1265739,890546,247762,877330
344873,1402553,1363154,572942,1412622
866437,1257061,207439,1971777,1813112
211841,1605224,1235830,287113,1282117
264227,52702,990732,1032213,709681
1013681,287113,1282117,928193,13719
1048071,1534493,1825516,1359784,697063
1573066,1021396,121495,589868,563608
1023450,940672,265206,1562409,747403
328129,682469,1156641,687254,1874973
305922,903810,1263154,52702,709681
1505585,399635,1352488,1706189,367943
1147818,670810,1512091,1744803,1980997
890546,163439,1265739,247762,877330
1399635,914579,367943,162559,81054
1845977,1397443,272724,990687,937673
1608156,1003950,587740,1963705,381064
1813793,1816776,1003087,1673126,1121874
865199,1170187,1873577,921075,72438
1494780,1879575,687254,846610,985711
865199,1121399,38357,738935,66362
416626,1309752,682469,145161,1156641
1813793,1816776,861945,607891,1892093
446112,1184422,1791497,1649894,1185503
849296,1003087,1673126,1121874,1816776
1300462,642755,866437,1573858,1449082
1563961,211335,608852,193151,84805
69425,1267560,1242052,1659529,96529
1860133,259308,414760,1392512,1978410
486827,1505585,1352488,458894,367943
1663036,414760,638834,1392512,1978410
220591,1890391,1517331,239350,1698954
81826,208690,1939903,265206,1023450
662381,1505585,1352488,367943,162559
890546,806332,1265739,247762,877330
313171,356558,116912,394358,1030882
1778661,1655032,898482,1756981,952605
313171,1538214,1030882,1564511,1802138
1856964,1023450,265206,1562409,747403
445073,308988,1629045,879849,1368749
163439,1265739,1044148,247762,877330
1417312,960912,1468496,1989528,472512
1655032,898482,1305010,835619,632066
921075,903810,1263154,684435,52702
1621032,1608156,587740,381064,1963705
1621032,1608156,587740,381064,1963705
1782654,1884354,903810,52702,1246829
149841,963161,1968563,525565,1231381
1089311,1554991,847175,429357,1951906
589745,753046,1962507,775277,1278209
446076,1483012,544605,1453351,1416660
1359784,1507716,719088,1289675,1231381
787338,1909146,1130481,1565158,112623
749558,1449082,414812,1123951,1524314
174774,990890,1671591,184065,1351219
1498422,1316187,690119,230551,1334032
93476,220277,583538,687254,904112
1585648,773005,1024726,1316822,865199
531619,1023450,878626,1562409,747403
1417312,953337,476370,620226,1289861
1491595,805472,1866830,222969,1253110
1241013,1998955,601627,1076031,1080501
12878,1135700,1787240,1343260,1518787
1909146,1053880,1309752,1454718,1340548
562483,1217098,52702,709681,276548
535376,248425,811964,963161,1507716
13719,211841,287113,1282117,1235830
1621032,1608156,587740,1963705,381064
254192,1439686,1124405,1241879,1281931
1551316,674249,1087637,1724799,1264968
1854340,227785,1918027,1762718,934590
498618,211841,287113,1282117,1986024
1673126,31599,1121874,951708,1892093
1809963,1671591,184065,990890,1351219
1309752,614172,1464954,621257,1892581
1680572,204612,1571378,879849,1225815
1222380,394358,1966458,313171,1030882
1512974,262697,620226,346883,244722
43261,1770523,1942935,1056341,1416660
531619,1023450,878626,1562409,747403
1648253,866437,1573858,1449082,1234906
163439,1265739,890546,247762,877330
298362,1917876,367148,962803,1419788
840970,1913696,516497,1725138,1023450
1932777,990890,1671591,184065,1351219
1852163,311890,847175,871833,429357
264227,1263154,684435,903810,52702
1551316,219052,1589082,1711639,1106974
1933382,916769,847851,538008,1058889
952215,763389,1116704,1146172,1802138
758268,1772571,193246,1927581,1234046
1458062,1625443,1338495,681278,1165019
1784538,898482,632066,1001335,1655032
569108,381064,140175,970698,785390
244778,429357,847175,1951906,1666831
1821977,1275125,175934,282519,1760477
604822,717099,1315967,1292700,876632
1154267,183283,1784538,548942,1001335
304694,753046,775277,1962507,1278209
821544,1917448,613027,1319198,865199
394358,1966458,318907,313171,1030882
547285,661091,398982,1150131,1892093
1130481,1565158,112623,787338,658700
866437,1573858,1449082,1234906,146602
4541,1920614,1109397,501282,1670898
1194212,1205996,1101465,6426,1897504
620098,415874,587919,1282269,1170149
116912,1278209,1138438,1424740,1627900
1958753,1354523,446112,756576,1569620
653523,389119,1291473,832275,464415
367943,116912,162559,1424740,1627900
488958,89901,891595,1268631,744535
752749,429357,847175,1951906,871833
1219504,1147818,1744803,1512091,981575
394358,1113492,1966458,313171,1030882
1064144,1417312,953337,620226,476370
1680572,865199,458773,1571378,1225815
1089311,752749,847175,429357,871833
1966458,1992688,313171,1030882,1802138
1534820,1271963,654512,54,956158
1038615,629721,1337923,1468496,607085
264227,1263154,1032213,903810,52702
1810560,1431644,1368403,1801124,941499
1582305,613819,3019,66308,60785
843803,754927,430362,1353583,66442
830626,247762,877330,1951571,181374
978807,1595197,1203706,1149561,865199
1030882,1802138,1424740,1627900,42096
1917448,1319198,613027,865199,1734766
996032,313171,1246433,1030882,1802138
1913696,208690,265206,516497,1725138
674249,856231,620098,415874,1351378
843275,1893039,1505585,1352488,367943
1551739,1078967,135635,1494780,378690
1628062,1398519,1925285,1578426,127390
1963705,1040662,381064,802369,689181
13719,211841,1235830,287113,1282117
683218,211841,1235830,287113,1282117
476370,1449502,1932372,1417312,443521
1219504,1744803,1512091,670810,403290
730464,211841,287113,1235830,1282117
1313539,1744803,1512091,1980997,981575
429357,847175,1239145,1951906,871833
890546,163439,1265739,247762,877330
1544851,1352488,233386,367943,162559
1549299,76201,979667,1535463,344873
1234604,1963705,381064,1637982,802369
1352488,367943,1544851,233386,162559
1595197,1203706,761917,1149561,865199
13719,211841,1235830,287113,1282117
1246044,256383,1699729,934297,696224
435637,1370152,996032,1246433,1429740
866437,1573858,1588520,1449082,1234906
1963705,33168,601043,488102,802369
1113492,1666831,1966458,313171,1030882
1621032,587740,1963705,1608156,381064
1664396,510378,1864588,1744803,693296
632066,1001335,1655032,905080,85219
1813112,1281371,1381325,39607,1065835
367531,378667,356558,1141359,1121247
1280739,1102706,1243366,1438615,897694
1306651,1498412,1209219,594077,744651
647765,1425991,545277,1166745,1600036
828020,1398488,76923,1677602,1532090
249732,716207,1016536,147752,1174209
996609,921649,1057292,1548063,1262207
1289675,312414,116912,1424740,1627900
501587,1950341,466782,149988,993773
1517792,1200848,363706,120521,1726011
1282806,1393550,1611410,589747,1731031
64961,768362,1777040,1133301,536888
1375427,1143410,1800866,861556,120859
1043190,410807,1159372,1921279,1258124
1184105,348254,375283,93699,318282
698718,1955993,640842,1876872,1669491
503671,1245407,710383,1573373,1198797
145770,684315,1830628,622532,936687
806708,1441057,503671,1929320,1140743
1764123,1414803,1373433,1402716,1024444
147068,810843,1043011,1181357,1927952
1477979,745906,52380,397982,45168
1115588,1707708,843125,1482791,1222468
1723834,1125787,1395348,1015046,522809
105366,963161,790901,958662,1082235
949796,1824257,1034485,92535,428385
662879,1971301,279843,1528035,560975
1698882,1897971,695838,175864,112555
1911966,181285,1463537,262997,648
378204,1330803,1176834,58097,214568
1874973,874145,806332,741646,925556
981647,958555,970096,1834449,954498
1160901,1663682,1029988,435134,1412788
288926,1583704,954694,1703587,1658766
886374,604684,1144204,114655,136351
322767,1079894,919296,659302,1161995
1352748,13391,1072861,1919208,165765
1921276,1042199,1216900,588457,700715
1279220,949820,1068516,1758462,832809
274977,454132,355794,1651730,1161419
894987,454132,1161419,355794,274977
1347468,1534493,429161,1825516,1289675
1490100,697922,1472319,1933829,1907587
1269038,975562,1004620,175910,1604351
649550,965362,262997,422751,1457705
92535,485446,428385,1824257,310001
1555010,479391,1664080,263976,1009147
1329001,421159,751989,1451946,515447
1336162,1386174,1281542,1557354,538804
67285,1743845,1919208,748027,1109397
461264,421518,1345691,815526,943057
1884980,721285,21813,542588,499977
1604240,644602,1620055,824785,111654
1398519,1578426,1317574,593428,818486
876745,970270,1671109,889656,1863940
1345691,1372727,1024929,869751,815526
1607790,741961,956802,879362,1820957
240518,543450,1464842,861556,120859
317143,520318,780672,1988977,213739
1806011,30136,116912,1627900,1424740
252384,1747613,597915,636821,1788599
936799,1670549,436511,609680,1642953
886374,604684,1144204,114655,625788
593130,755150,1441367,828020,1532090
1263176,688233,1942784,252004,1666831
1244867,1690889,1604551,434052,44684
780672,1836468,1988977,317143,213739
1224249,1617424,1936172,1783835,1162045
1345691,1336162,1386174,1833566,453514
813058,1934204,664461,1895555,773834
1495045,751989,1451946,515447,1161804
1988977,317143,213739,780672,1205035
163597,1709285,536280,751931,1911966
424435,1250112,1733431,287792,1722274
323117,768362,1133301,1777040,536888
810843,1181357,1043011,1927952,544283
1454017,924293,1534493,1825516,1422122
942064,134878,1764660,1160631,471648
520318,213739,1261047,1988977,147182
1372497,1470838,29647,1202005,1767192
1243366,897694,1102706,1438615,1666831
1523665,752257,1872708,1147078,922105
1166371,1899351,1395186,1019242,939342
243591,650309,52380,397982,762443
101983,1999642,108182,2315,156236
169918,284666,1955993,925556,807897
1634758,1604351,1471912,1207924,1269038
1317574,1671109,889656,529816,1442143
1271882,366995,154004,1306651,1296099
727734,1399012,4798,147182,831562
1009541,1485077,761031,375741,1094363
1791207,1683069,1576413,506203,355383
867911,1351378,586564,1847889,1720931
896965,1216307,594063,335892,388640
1158507,1857117,461653,568613,717374
33232,876745,1521153,1671109,889656
606354,713818,957577,461080,1224802
1523665,1799756,1351232,205162,507509
1973465,1096802,1253557,1121160,1391662
1678539,921301,1358070,899385,1557091
1853488,1162045,1783835,1936172,76923
1641724,1282251,76892,718311,1187764
1336289,1832104,1604551,227785,936298
1067354,1133301,1815430,536888,1579323
960237,1375558,1886233,300456,1124223
997297,994881,1557550,1922124,3474
132925,169918,284666,1955993,925556
227785,1719801,768364,1086099,805055
1418522,735706,761031,1299718,1094363
1795950,635456,1288296,367345,1113294
1495643,343484,300981,589895,866718
380379,1663682,1156641,1096341,452821
1829887,1566228,44725,996164,818486
1346013,1282806,1407922,589747,1611410
244286,816660,738774,1989620,1948194
1522832,926935,1090424,1048876,787277
876632,1255215,1330686,1273143,244286
348254,375283,93699,318282,1017814
1718657,985415,76420,594905,1942784
15827,1986806,926376,379433,83548
403033,737552,1156641,278165,1874973
345140,149988,1950341,760078,501587
355794,274977,692058,1651730,1161419
1179172,1145498,724025,1929320,1668670
838655,1236277,536888,1777040,22598
1039770,1491311,698739,1784750,793324
58097,1330803,601162,1760771,214568
692058,454132,1161419,355794,274977
77900,975562,175910,1781124,1634758
775775,876745,33232,1671109,889656
996164,961943,1673941,77161,1166371
1620198,1469420,1132091,713889,1670527
1611410,1759361,1731031,589747,1954352
869553,196338,448414,245320,1441772
116875,1610899,491746,805055,1086099
1621696,1471182,1024375,296918,1341272
1335982,1650688,1581267,1506546,1053120
1100772,955832,1273641,1960993,1556627
1890843,1381721,1213288,1001132,35739
939891,1224075,1534493,1289675,429161
705540,810843,1043011,1181357,1927952
751931,361796,536280,1911966,1345853
393422,1569201,398798,817156,755549
861556,120859,647177,1464842,766418
1024994,174946,1966557,52319,375752
367504,1303891,1158807,835773,1773036
70341,348027,452084,1140743,1731592
1830628,1989620,1741548,1814329,1666831
1523665,708904,1270845,1240187,835619
1611410,589747,1731031,1096803,751866
1395348,737552,36087,45168,1231901
1111956,1009577,472547,187441,887382
956802,879362,1820957,823897,411686
449965,149988,1467112,1989620,569806
1834650,471974,1617710,495674,64842
1907903,1194722,1360906,1484046,1131654
120859,1705058,209322,1343149,1567849
996164,798423,802903,29152,818486
884338,356558,116912,1424740,1627900
1394685,375283,93699,318282,1017814
863685,768362,1133301,536888,1777040
936799,1642953,1139589,436511,609680
851373,1474843,288484,761031,1094363
1213349,1693538,1911214,516358,1989668
440205,1988977,780672,317143,213739
729908,296430,949820,1257396,1920440
643969,1495643,1199483,300981,1666831
1562409,985415,76420,594905,1942784
749751,1586423,1853466,146704,199743
38835,332174,1341272,636041,1549711
1834449,954498,970096,61298,544080
226685,1358236,1029988,1663682,435134
775775,33232,876745,1671109,889656
1216900,1971320,203588,154004,744651
1992688,895206,944158,1698486,1224075
537245,1358236,1663682,1542503,435134
1927425,1897560,233843,1083422,1992652
435134,856231,1835330,586564,1680383
1317083,1038717,464159,320733,50597
1828062,320914,1668835,1840478,77333
32355,1961598,1255215,1330686,244286
1917448,1319198,613027,278165,1734766
936799,436511,609680,729093,53206
530827,549040,1937081,247798,1937461
1637712,482087,306049,386604,1397208
599093,1934510,471479,561169,539750
227122,178276,1038717,1225465,321244
1705058,120859,587513,240518,713810
559779,186327,422643,1110981,1024114
511466,1034485,92535,1824257,428385
996164,1522985,471510,1253770,818486
805642,1478055,755868,1150538,1375558
1375915,1362475,730244,1017967,1793188
1594638,1132834,1066782,1522950,841444
233249,472805,975562,708233,287494
328907,94837,1288566,1254880,554705
531619,1330803,1562409,214568,1620198
1906488,1642953,609680,436511,53206
245320,448414,196338,869553,1441772
1127345,1148185,1614720,1298104,1216919
197032,1945831,634084,1049457,1508026
354349,1746059,175432,1678539,1148900
1401683,612438,1953894,944992,58310
182862,114865,1749160,1669793,379138
318282,728318,1017814,1184105,1864353
188838,944992,1277661,58310,1802623
776278,597792,1506417,165568,1038717
531619,1125973,1562409,1262592,92207
1371399,681288,744651,318284,92647
536280,1358109,751931,361796,419174
1981679,1085417,1305664,830869,695264
1953894,1550517,1542881,944992,58310
454132,1161419,355794,274977,434577
202486,1872806,664915,1992591,1002713
1261047,1960457,933906,1628464,1741548
1692605,1853488,1936172,1162045,110595
1357865,1085904,139200,334752,1658882
757005,1160992,289925,1149021,1393086
851373,1474843,288484,761031,1094363
478407,1387178,1649050,592820,1883301
132925,169918,284666,925556,911959
14138,651494,1869717,1236318,1699485
821544,644091,1917448,613027,1319198
93699,318282,1403026,895369,313502
1884464,1474843,288484,761031,1094363
1635753,1795358,1024375,244722,1341272
434052,44684,175432,1058528,1148900
1018324,1036412,196768,1273686,1001132
1927425,1288296,1897560,16230,890899
234652,667745,622532,1733160,799956
874798,1376555,1381952,1341272,1684331
939774,315418,878997,660367,1138380
1570913,103448,1741537,1328472,168865
1160631,471648,1876165,362441,772086
1421632,213739,1369341,1666831,939016
274792,1195019,1234702,1929320,1310098
950307,1001104,1279220,1399400,507432
949820,1332128,44308,270091,1265716
869242,1425361,1234706,814398,1602091
545527,1273143,1447341,1049677,1235384
1216314,606778,1603516,1166371,818486
314809,1569201,398798,393422,755549
887689,742533,813954,287901,1634421
1802623,223343,122791,244044,383028
1021129,1315681,133301,1091992,1577060
116875,1610899,491746,805055,1086099
1449919,489651,214568,1620198,1000989
537245,1358236,1883737,1663682,1029988
1574438,1483499,1154144,1051965,690046
970426,38975,485446,332444,177605
1995188,1388835,531619,940672,1562409
1697042,796479,1542573,82088,195057
1642953,1139589,936799,436511,609680
865199,1622483,345140,146831,466782
779744,300129,1669294,939891,429161
1523816,425392,1495550,224525,1030268
692691,1006015,1958880,1181134,1049429
861945,1243366,1438615,1102706,897694
1770633,1225709,1844118,1152547,1075417
405722,1245329,977320,145799,911959
509916,1725611,1556627,1369437,1728243
243436,1667795,1529204,729093,1471571
584638,56761,1849099,530827,590523
1836468,440205,317143,780672,213739
77900,975562,175910,1781124,1634758
985537,603102,388025,1117745,137376
102729,632654,1534493,1825516,300129
1677651,53206,1250419,1065362,536866
867353,493873,1671109,889656,1442143
350585,640184,339139,1154144,1574438
173888,588922,1856196,1905820,114315
1733816,862761,1842244,78006,1192512
167838,1036412,542434,50800,1212735
1029988,1835330,435134,978973,1663682
1159693,1611410,1544992,1731031,1916207
767063,182440,641519,971922,196293
886374,604684,1144204,114655,625788
416260,1634421,199168,905497,839001
350585,846780,1293748,1021484,640184
240518,1465563,1464842,175232,120859
32355,1961598,1255215,1330686,244286
967047,1406481,897694,538397,1434298
1798656,380054,1075170,1598322,1223646
1218622,1604551,854042,1905072,1469053
1562409,985415,76420,594905,1942784
1440307,1241841,919994,1982432,1929320
254044,627438,1310950,1147547,1520517
973768,1423908,1262963,455380,858965
1731592,639427,1668670,1929320,1192446
249300,218616,1802623,914893,174361
1834449,918823,954498,970096,1678929
1957012,1383157,1474843,288484,761031
979667,1366492,1306391,257076,996690
1642953,1139589,936799,436511,609680
787921,244286,667745,1855506,1612555
1346013,1282806,1407922,589747,1611410
581194,217319,895369,1665489,1907903
940168,1607790,879362,1820957,956802
1160992,289925,1149021,1393086,539441
794261,690286,1746059,175432,1604551
1026806,963161,1507716,962408,1231381
1943051,743675,1262592,92207,1453448
1547049,479440,1437270,1125973,1859763
375741,1665545,565746,1048878,871637
683237,343484,3331,1495643,643969
1156298,1043011,1181357,810843,1927952
1241607,829236,266615,559779,422643
227785,1719801,768364,1086099,805055
1035661,1317123,1606004,1906175,966077
520201,235631,737065,1843255,1161804
491148,247044,172594,1560067,242098
749252,84935,209260,1470838,290719
1475736,649180,1395348,373492,1550929
393422,310047,1569201,398798,1982522
1176252,1253557,741340,1840587,1391662
1731031,67430,1630812,658811,1246602
1733816,1277556,147578,5881,78006
1921524,876070,988809,1164888,666594
1733816,1277556,147578,5881,78006
711620,1149890,467123,1800605,1222280
1029988,435134,548564,1396919,1835330
621153,1244984,1953763,1231381,1388606
348254,318282,1740493,1017814,1184105
1836443,274977,692058,1339859,1653697
1961979,1034485,1824257,92535,428385
1570913,103448,1741537,1001132,321507
1857233,588457,1398031,1182753,363215
331710,1607790,956802,879362,1820957
132925,169918,284666,1955993,925556
729908,296430,949820,1257396,1920440
1281931,1817943,447408,835773,354586
415959,1808490,852819,972321,687258
768362,64961,863685,536888,1777040
203588,1971320,154004,698306,1306651
683237,3331,1495643,643969,300981
856231,1391662,1351378,1121160,586564
1064941,646731,428885,193629,1480522
824066,1569201,398798,795745,1982522
1361691,1678929,1444255,1288807,1419128
578486,464159,1786959,64905,492444
339931,1679944,1463796,1036013,791539
770853,1621417,1475516,914579,1683641
92578,287397,51349,1399554,1857875
520318,213739,1261047,1988977,147182
102729,632654,1534493,1825516,300129
705540,540347,1043011,1927952,810843
1435847,1278387,1335544,683985,805472
1356274,545527,425539,1235384,1049677
245320,869553,448414,196338,1441772
905080,1821217,85219,860978,911959
429161,1825516,1289675,1424740,1627900
879362,1820957,1753632,504673,411686
1238828,1148900,1857607,1250130,69272
1516585,1340402,417058,67063,817406
168645,1886278,1288296,1083422,1927425
480316,729908,1625700,1036412,1001132
266615,559779,186327,422643,1110981
1037781,979350,1866623,372903,616135
1059009,520318,1988977,147182,1231381
700586,1279220,1918027,950307,1001104
1399036,1447624,1273678,511005,1188363
147578,5881,1277556,1733816,78006
1092368,1641724,1282251,76892,718311
52380,1334013,243591,197686,397982
64961,863685,838655,536888,1777040
1865999,1425672,257559,1944977,1150538
1626413,1083422,76923,1927425,1897560
1495643,343484,300981,1350300,1789746
147578,5881,1277556,1733816,78006
558601,1992301,1306467,1810413,427209
1819254,1671109,833864,1518089,889656
1534493,429161,1882977,611539,1825516
1346013,1407922,1282806,1611410,589747
886374,604684,1144204,114655,625788
1355225,866280,63695,1345691,869751
895892,420336,390904,476491,784028
660367,1213832,315418,1138380,1243267
1900631,1674579,288484,761031,143937
1971320,154004,1109397,1306651,729908
331710,1607790,956802,879362,1820957
1796743,1109027,320790,1405281,1269831
244286,1762606,1173268,83543,1403725
762322,588457,1534493,429161,1825516
245320,448414,850716,506688,1441772
196338,448414,1951049,245320,1441772
785533,277513,1994037,1604551,1148900
1043011,1181357,1927952,810843,1666831
1569201,398798,1982522,755549,1469053
415510,343484,830248,300981,1307500
1961979,1034485,92535,1824257,428385
1281931,535424,1671109,889656,1442143
226685,1358236,1029988,1663682,435134
448414,196338,869553,1666831,1441772
1396919,1663682,1029988,1835330,435134
480722,1474843,761031,1094363,735706
354349,794261,1746059,175432,1148900
116875,1610899,491746,805055,1086099
45168,1661802,566742,428385,137273
994860,717906,1255540,1056722,160231
838655,316175,645358,1524231,1894683
643969,1495643,165911,1022496,300981
93699,318282,1394685,644788,90656
44725,996164,1016069,1317083,1166371
988894,310047,1569201,1982522,398798
1161804,576026,1666831,634812,521144
328129,741646,682469,1395348,1156641
980132,1953839,156140,1822664,1985190
1936172,1145375,1224249,1617424,1162045
536888,1777040,112555,530827,1653644
806798,1655308,87824,826186,1161995
1879842,1662055,1190199,1391885,1453573
766674,119554,1262716,468433,575293
936799,1642953,1139589,609680,436511
77900,975562,1781124,175910,1604351
886374,604684,1144204,114655,625788
739536,1669491,776720,1876872,880329
1908086,1321196,1897560,1780162,182927
1829887,1566228,44725,996164,818486
859248,1209219,1406473,1306651,744651
47138,1066438,1683069,506203,313103
1961598,83137,1255215,1330686,244286
950307,370934,726274,98160,1946906
182442,1875282,726953,79113,938772
1630003,1995188,1388835,531619,1562409
586564,66362,211418,82888,988658
1756185,1092575,1935443,30683,1180424
1319247,272216,915326,591808,519618
1665224,1662055,1190199,1391885,1453573
1211145,1359589,1417219,242531,1184442
1261359,281080,1461687,706356,1454017
1235533,1289675,149988,501587,1950341
854214,331609,1133891,821829,250467
566109,1720115,214568,586803,1705066
1705058,1903799,416260,1634421,905497
1834650,471974,1617710,495674,64842
1953894,188838,612438,944992,58310
1439041,1782145,367504,1970027,835773
1018324,1001132,1138310,1273686,1454017
82095,867001,1855645,1833888,1802623
164284,1212741,395975,1740102,1736141
1407922,1690435,589747,1611410,1731031
1190199,1916970,1665224,1391885,173024
1534493,1825516,801730,300129,697063
932086,845852,985658,515594,47364
984076,1783699,1238666,921397,1817122
245320,448414,869553,196338,1441772
119187,1915048,1226284,898007,368589
548090,593065,879362,297105,1820957
886374,604684,1144204,114655,625788
837382,1718822,142210,1051241,267610
1961979,1034485,1824257,92535,428385
1465563,861556,1464842,120859,1705058
1390438,1679944,1463796,330026,1244984
318288,1043011,832963,1927952,810843
1189532,482537,1559799,744190,1698434
1558427,1375921,1922497,954178,359656
1644471,1834650,495674,1617710,64842
93699,318282,515447,1017814,1184105
1757281,956802,774852,879362,1152051
395851,507509,1042641,1206780,205162
985415,76420,1368276,594905,1942784
309318,514844,776278,1038717,464159
636041,1024375,296918,741961,1341272
1733816,78006,1192512,147578,1277556
1068082,1783263,1927003,1494780,222625
1929320,515940,972231,955229,690119
1439041,1158807,1970027,1863015,367504
515594,175432,47364,1604551,1148900
1665224,1916970,1662055,1391885,1453573
1249868,675987,112287,1979210,692505
1289675,1196223,996164,818486,1066732
90656,680358,1932129,535376,1696648
1224249,1853488,1162045,1783835,1936172
175432,1156641,598336,1874973,1148900
111097,1099041,553112,1740421,298132
988894,824066,1569201,398798,1982522
1293311,1741537,984834,213739,1988977
996164,1236935,100836,1792003,818486
886374,604684,1144204,114655,625788
1172618,761031,36328,1094363,447209
421518,1584279,1800605,1280433,653199
1026164,1947370,491069,1205035,975562
1156979,910553,835140,1762796,277463
1666831,404257,1854873,716834,929701
632773,1001132,1627572,856290,1454017
1355791,1243267,1228445,1050583,408361
1203085,1436913,1474074,766744,1605084
1356274,1273143,545527,1235384,1186571
1790678,1358836,173024,1453573,16230
560210,744403,1119061,613027,1014847
975562,175910,488995,1781124,1634758
904704,1960457,78640,1788831,933906
1761023,1604551,1058528,1148900,774181
345140,1289675,149988,760078,501587
912226,162874,1951265,290835,800001
886374,604684,1144204,114655,625788
613716,296918,1024375,636041,1341272
999767,443131,705508,643967,461985
629416,328129,741646,682469,1156641
1546189,55642,259602,90723,846780
262367,1945469,1262597,1351641,960354
667745,177809,1255215,1330686,244286
846508,1957485,1634758,1260510,1337162
398798,191463,824066,817156,755549
604387,1876463,241482,1230947,278165
436511,350703,609680,103254,695796
594905,1942784,288593,1666831,401238
1620198,905080,1821217,860978,85219
33445,324780,1026806,1961102,659048
1918027,830723,1437270,1569452,1125973
1161217,1572640,1441772,804744,1359240
384681,112830,461707,260320,1489015
397572,120521,211469,1671109,889656
1043011,1156298,810843,1807684,1927952
851708,783546,595262,1395348,1572045
762860,249505,1587348,596228,893899
991548,103138,503671,1802623,1410015
1733816,78006,1192512,147578,1277556
198854,1761420,1359028,961120,197291
771264,330026,1390438,1244984,1953763
834456,1288119,1277661,720384,1917601
1706493,1971943,1839674,1290676,732951
1982522,284159,191463,755549,310047
1474843,1907903,288484,761031,1094363
695742,392808,356833,566833,176116
90879,990816,1384157,1907903,1276273
1190649,1113545,1461038,741101,77257
640637,1824020,1635036,1992516,1963040
1289675,1291116,1666831,176136,1287995
133373,315418,82796,1243267,771976
650820,574255,277950,1717667,279792
1162045,1026495,1511941,750538,110595
1981679,1085417,1305664,830869,695264
1840102,1413720,429161,1534493,1825516
171627,430219,362552,1671109,889656
1523665,1329896,1857625,1763770,1138373
1162045,1783835,1936172,110595,332174
203173,1298024,1575649,499637,1138379
848634,337586,58097,1330803,214568
1495643,300981,1413517,416260,877290
1159489,1100125,873085,1391885,1453573
934531,643778,124013,1038205,243436
1841575,1200609,880164,356884,508142
1992883,1989104,1034468,1136437,1539272
829405,432093,1375123,427503,35462
1223646,1106828,367504,1970027,447408
253262,1627681,66761,1560067,486045
1090433,1398031,1182753,1065362,699175
88337,1629950,1967518,1265557,1039109
1047027,454132,355794,1651730,1161419
797966,127390,1666831,84271,908644
33232,876745,211469,1671109,889656
312644,506688,785218,321507,1852163
1825026,544065,768364,1194358,1394624
1183091,1329554,1523665,1446246,1787611
196338,245320,448414,1441772,869553
975562,175910,1781124,1604351,488995
867585,1995188,1388835,531619,1562409
375283,93699,318282,1184105,1143578
749891,1782145,367504,1970027,835773
431324,786632,38975,1666831,1350774
758499,197686,1334013,243591,52380
886374,604684,1144204,114655,625788
408102,1666831,1132091,713889,1670527
1590707,751989,1161804,1678057,1244867
396870,445809,472805,1356883,1401927
720384,665609,1050964,121682,70739
347996,1758858,449965,1425908,1989620
988894,824066,1569201,398798,1982522
1947792,1562409,640184,867221,1662696
436511,609680,1642953,1333904,635593
1631200,296161,1524231,645358,1894683
372214,1138380,1243267,202486,133373
1345691,1561917,869751,815526,1946641
1915078,1751858,1250419,1121551,1642953
988121,1028261,1005011,477916,546587
832963,1181357,1927952,810843,1666831
147578,5881,1277556,1733816,78006
183218,308955,1447695,1947654,390673
1955515,751931,403551,361796,1911966
240518,175232,1464842,861556,120859
1892662,349,1763863,1161804,1244867
454132,1161419,355794,1260510,1651730
1929320,354586,639427,1668670,1192446
196338,245320,448414,1441772,869553
1203224,84696,1453573,173024,1391885
51228,1034485,92535,428385,1824257
226957,1431809,1395348,1796560,1754215
32355,675047,1255215,1330686,244286
1381406,86026,1310401,1341272,1549711
440205,1988977,780672,317143,213739
312779,1804702,816661,806332,803550
104029,747575,1347248,974136,1634421
106690,698536,921075,1170187,1527931
242496,679572,985425,539951,1803230
1439041,1782145,367504,1970027,835773
794261,690286,1746059,175432,1148900
1368189,1679619,1048421,835241,47937
209641,954541,159395,988284,1049429
326997,1967322,907131,280757,1881559
1953894,409765,612438,944992,58310
1989546,127146,1288296,1927425,1509013
1520280,1803782,122213,244286,667745
847301,940320,1050498,1588683,474673
279843,503671,1554475,1581300,530299
1660354,1734277,521133,342586,216602
395568,1942784,594905,1666831,690119
899330,1296717,147257,244286,614746
66774,1585609,796391,45879,1194803
345999,1524944,1495643,643969,300981
1836468,1988977,317143,213739,780672
1454017,746258,354586,644810,690119
296481,806173,1795343,1086099,1918027
851373,1474843,288484,761031,1094363
1191615,72197,1425193,1024362,38141
33232,876745,211469,1671109,889656
284666,925556,542713,911959,503053
369755,75755,422506,934460,1161804
1806053,1825026,1394624,768364,1194358
1391885,1453573,753348,1670471,1586073
1621459,1441772,1385931,309172,1359240
434119,1020637,1678929,952484,405248
775775,876745,33232,1671109,889656
1453448,1277661,1029811,1145002,367800
296430,1257396,1892068,1920440,1457705
537245,77833,1663682,1029988,435134
1280739,1102706,1243366,1438615,897694
759200,540329,200352,806662,164969
364642,341250,332174,425098,1953763
151805,720384,1631958,700129,1457414
1018910,1022496,1464842,1705058,120859
1469476,975908,440048,1879636,1695184
1872381,169439,1620198,915869,689436
958555,949820,1834449,954498,970096
1181357,67403,175337,174641,1927952
448414,196338,869553,1441772,1359240
1662055,142258,888874,1391885,1453573
780932,175432,1957994,1604551,1876468
1082173,837853,281025,1342268,1359240
1162045,1617424,1145375,110595,258198
183907,331710,956802,879362,1820957
1260510,375741,1665545,137273,1265716
332174,412768,1341272,1549711,1793243
1192163,806173,296481,1777040,536888
1865221,631660,1927952,782121,13512
284666,1955993,925556,1402975,84271
758499,52380,1334013,243591,197686
243436,910553,835140,1762796,1658675
1665224,1917394,1662055,1391885,1453573
312258,1506417,165568,776278,1038717
1176685,1250501,1843285,1167406,835619
935932,916664,1088343,822451,1374609
1917391,1495643,875296,300981,1399031
952716,1790236,976757,1515902,1408516
1024375,262997,1494164,1341272,1549711
1936172,1162045,1783835,1692605,1224249
403662,587919,148446,1282269,1170149
448414,869553,196338,1441772,1478910
1280739,1102706,1243366,1438615,897694
1950341,760078,501587,138621,1604063
1961979,1034485,1824257,92535,428385
1181357,1927952,1043011,631660,823264
32355,1961598,1255215,1330686,244286
848634,337586,58097,1330803,214568
473077,1857506,596838,544065,1440673
1483012,937673,217319,1086903,592902
1184105,1289675,116912,1424740,1627900
1369490,1904307,988809,366400,1638385
861556,1464842,120859,1170187,1705058
1794531,1900084,1269633,1156641,1874973
1205489,955552,850407,186070,1021237
1955025,1764455,1055800,675047,806708
1802463,1309903,649649,1900631,1674579
1965142,1906175,1317123,966077,1606004
197686,758499,1334013,243591,52380
758499,197686,1334013,243591,52380
1241607,829236,266615,559779,422643
1534493,1604063,1321612,1825516,1287995
403551,536280,1709285,361796,751931
1106828,1493608,1231888,835773,367504
954541,159395,988284,1181134,1049429
824066,191463,1569201,398798,1982522
988894,824066,1569201,398798,1982522
829236,266615,559779,422643,38975
1399635,718311,53206,835619,693211
1326099,470087,1071706,358715,1719827
604163,952716,1790236,976757,1408516
1465563,175232,1464842,861556,120859
1939863,1235533,345140,149988,1950341
683237,343484,3331,1495643,643969
1700614,720384,1942386,1961102,1298160
203588,1971320,698306,154004,1306651
776278,597792,1506417,165568,1038717
992901,1193332,123362,1906191,916040
390110,351238,61298,1796665,37114
288484,735706,761031,1094363,1383157
463565,599790,1015160,588457,665509
197686,758499,1334013,243591,52380
1893508,1235802,1070413,1801767,1688992
408511,1611410,1731031,589747,187277
253262,239275,1695620,1681348,1560067
47132,637583,738320,1644471,1617710
612438,1445546,1947654,1399635,718311
692058,454132,1161419,355794,274977
134699,1955515,751931,361796,536280
1184105,348254,803711,375283,93699
1971320,154004,698306,1306651,744651
794261,1746059,175432,807897,1148900
1650387,53206,1174339,936799,1311717
1955515,1709285,361796,536280,751931
620444,1457705,1866925,673102,1827178
1509685,702701,1457705,891091,1160796
1666831,1268215,1506933,940770,1985384
416260,1634421,199168,905497,1930138
536280,278580,460755,1911966,674492
63514,536280,1911966,852000,1666831
1771882,141605,1729663,650309,66710
330026,1390438,1244984,1048891,1953763
1965554,1463312,1575816,47364,811524
1356274,545527,425539,1049677,1235384
92858,1571141,1918027,1700309,1840234
1662055,1190199,1391885,1453573,1666831
1181357,1043011,1927952,386917,810843
1638385,644788,806332,429331,1068633
1094363,116912,283625,1424740,1627900
1086717,776021,522419,676933,879213
584638,1530293,792938,56761,1588683
604163,952716,1790236,976757,1408516
521325,273083,1140743,452084,1731592
245320,196338,448414,869553,1441772
975605,1015114,547509,1162536,1147250
1043011,375741,1665545,1927952,631660
1852368,873638,720384,1482388,526736
729908,1464842,861556,120859,1705058
898892,735409,1239628,1934493,1395348
1627900,1402775,522350,977317,157301
318282,176116,1289861,1713686,1184105
694067,632220,1732842,8601,1026706
64201,924068,1911966,307108,1962197
593806,1310401,1467898,300981,589460
294565,824292,1829604,1616560,1749514
1747117,1727030,155541,1047044,32628
1950620,542855,1678929,223198,1206655
1469420,668845,1666831,1132091,713889
621946,636041,942009,381771,1549711
1915795,1133301,1777040,536888,1315450
1781124,175910,1604351,1947370,1634758
1413720,429161,1534493,1825516,784530
1617424,1162045,110595,750538,1511941
495943,1353896,1247734,328673,1187788
988809,1638385,869553,1441772,1359240
405681,103782,688381,1945438,114341
939774,315418,878997,660367,1138380
470489,1826290,1746934,799956,1379924
1955515,751931,361796,536280,1911966
340637,1390438,1244984,1097358,330026
400634,1407615,1291107,437685,1236433
1334013,243591,197686,59725,397982
428385,1824257,1908268,1661802,1415993
842400,1005953,1919208,1743845,1658766
1010083,531619,1262592,92207,1562409
1936172,1138805,1162045,494579,110595
355794,274977,1651730,1856965,465542
886374,604684,1144204,114655,625788
92894,354586,1942784,594905,1666831
424435,1560067,1621906,817414,242098
405681,1840587,114341,1945438,1391662
650820,1717667,1562409,279792,599862
1617424,1936172,1224249,1853488,1162045
1105483,329985,962477,29198,1964752
1086099,768364,1194358,1394624,1918027
1369490,1904307,988809,1638385,1876872
837382,1718822,142210,1051241,267610
162401,1474843,288484,761031,1299718
501587,345140,1273335,1464619,1186480
1495643,1237005,643969,987478,300981
147578,5881,1277556,1733816,78006
227785,1719801,768364,1086099,805055
196768,1036412,1273686,1890843,1001132
1875282,433048,650820,1717667,835241
589747,1731031,1054912,1772460,1646413
1666831,1189911,656567,176136,1287995
1763173,771264,330026,1390438,1244984
1092368,1641724,1282251,76892,718311
937673,452084,597169,1140743,1731592
393422,1569201,398798,755549,1982522
421159,1495045,751989,1451946,515447
949820,1743845,1587348,893899,455914
350585,640184,339139,1154144,1574438
768364,1194358,1154144,1394624,1574438
1790863,1190199,1391885,1453573,173024
244722,1117000,1731031,589747,1425301
266615,559779,186327,422643,1110981
367504,1970027,1040462,702370,835773
1176252,1253557,741340,1840587,1391662
1571665,825391,1957656,825330,1733698
1289983,949820,776278,1038717,1317083
1253557,1700836,1808886,1840587,1391662
869999,419329,713889,1132091,1670527
1448969,744651,1306651,1580168,1947620
1289675,149988,760078,501587,1950341
288484,1418522,735706,761031,1094363
1490100,1953894,612438,944992,58310
1939510,1960993,569594,1028575,1540079
758499,1334013,243591,52380,1084330
949820,1437270,1125973,546728,877499
1381654,1668670,1929320,724025,1192446
1159708,757944,524892,859732,1088704
762443,52380,397982,91440,893652
517485,1243745,553788,1671109,889656
245320,448414,196338,869553,1441772
1890843,1420350,1582181,1001132,1964500
203588,1971320,698306,154004,1306651
1658766,742395,109859,251457,1919208
886374,604684,1144204,114655,625788
422643,1110981,186327,955832,38975
469883,320634,343893,589747,946092
772487,1714720,741101,996562,738320
233535,1034485,1824257,92535,428385
1717667,1379549,433048,279792,1079429
1317123,704960,1606004,1906175,966077
683237,1112002,887107,300981,643969
897224,565879,733409,1292945,1319949
154004,914579,1683641,1306651,744651
1375558,689745,1953999,1342907,507545
355794,274977,1651730,692058,1735097
1149792,1935921,1612713,1398855,1492978
509758,239300,724096,195099,1812745
1573210,1346634,1375558,1125227,428117
1733816,1277556,147578,5881,78006
175232,1465563,861556,1464842,120859
464159,1219107,1016069,1317083,1087000
1224249,76892,718311,1399635,1409598
360509,1184105,539951,1146358,1536253
1863643,167965,1917601,1963841,617584
538504,1051342,1079429,1509297,154070
236842,221398,882528,509181,1802623
68729,1799921,1666831,1606363,1942784
1315450,436511,1636511,854153,53206
1277556,147578,5881,1845468,78006
342547,52380,1329835,397982,63902
1840924,565648,851884,1258606,807448
1048516,1866830,1581300,152550,1829989
939774,1129686,120521,487597,1186480
702370,1358236,1029988,1160901,1663682
1693164,1953894,612438,944992,58310
77900,975562,175910,1781124,1634758
175232,1465563,861556,1464842,120859
626995,1853672,261426,1730732,1176321
221398,536888,882528,509181,127040
1285004,1946906,1955993,284666,925556
564379,984076,1783699,921397,1817122
664701,1295893,1459769,1858661,847318
621946,994075,54583,1341272,1959514
698306,1971320,203588,154004,1306651
92535,1034485,1824257,1374877,428385
731094,453955,1525553,1700614,720384
264181,1660730,154004,1306651,744651
1406728,751459,1113294,1892368,367345
358948,683985,505289,1152110,1435847
424063,370934,950307,1001104,1946906
342267,1795610,911959,8524,902447
547796,1558218,405722,977320,1125973
1644064,1662933,657492,1548769,1763891
455380,858965,973768,1566897,311600
1041361,1197021,1368778,494579,199713
1733816,1277556,5881,147578,78006
174535,1662923,1978528,1892635,1161804
1483099,1421556,1368988,402665,288167
1235802,375941,1049353,339578,1012599
1805870,1660354,1770058,216602,1009590
1825017,1199319,1073588,490030,1689242
1910112,802790,1229468,1326800,690046
577843,686512,384843,1639142,1672414
1446502,1043011,1181357,1927952,810843
864306,1043011,1181357,1927952,810843
768490,1154747,1446246,1850430,1510507
604684,1144204,114655,625788,1022229
444546,1425916,428385,1824257,1661802
464316,715294,1273532,1788830,202905
988894,824066,1569201,398798,1982522
867585,1995188,1388835,531619,1562409
330026,262997,1463537,1244984,175001
175910,975562,1618354,1604351,1799921
183402,1523356,1516507,1803988,1369711
1094240,244286,1874973,667745,1353896
294565,1941876,601052,124892,620076
1162045,110595,1511941,1733820,1119127
321507,785218,1852163,311890,214568
718311,1399635,952880,1187471,1167417
1840234,896965,1612713,1398855,544065
1929460,1004082,1807749,1954295,401962
1182888,706043,87824,826186,1161995
1595118,792896,88212,1376198,989126
1825025,649550,300129,1289675,15888
1302473,257604,558451,1894683,864306
1334013,243591,647736,1483012,592503
3331,593806,643969,1495643,300981
537245,726732,1029988,1663682,992626
145121,1071538,342094,1413665,1728048
1457055,1369490,1904307,988809,1638385
1733816,1277556,147578,5881,78006
1184105,375741,644788,1085218,1567849
950307,1001104,1279220,1399400,507432
1162045,1783835,1936172,1504343,1231381
288484,1474843,761031,735706,1094363
670141,501587,149988,194028,1624776
1965142,1317123,1606004,1906175,966077
1439041,367504,1158807,1970027,835773
1942784,690119,1666831,288593,401238
421518,461264,63695,1345691,869751
1253770,471510,875043,509359,818486
5881,147578,1277556,1733816,78006
1182753,1065362,1122262,1581647,8469
1733816,1277556,147578,5881,78006
1269038,175910,975562,488995,1604351
886374,604684,1144204,114655,625788
19593,1574635,251799,205857,1581783
395774,1171572,464159,202576,1047005
1955993,1326788,925556,132925,169918
1539520,339402,689181,1078409,706126
339763,1414551,576496,11191,585445
1733816,1277556,147578,5881,78006
26737,1927425,1670549,1021433,1897560
1891491,956141,1694138,587105,1122112
38394,1117707,1951034,1545967,482869
433615,668799,1031632,989484,412856
1921524,1856740,505890,307860,1601807
109413,493116,263701,164211,1392418
1150652,1480947,119281,1678929,1151437
1198038,880329,806708,95427,177353
1762980,571415,1086253,499205,121375
287103,1525047,152550,1807809,1494182
794346,1398031,363215,1678929,1182753
132925,169918,284666,1955993,925556
1161804,341067,1385416,888549,509956
561503,974013,1246433,766418,1429740
1629587,1092053,737239,211335,256107
1614577,487015,1870564,1801219,1559455
331710,1607790,956802,879362,1820957
1024375,621946,1292945,296918,1341272
1269038,975562,175910,488995,1604351
1244984,782991,1390438,1953763,1645414
1244984,1390438,1199483,1953763,1666831
1927697,1412620,1386174,421518,1170187
214568,1620198,1983621,1669294,323883
1196548,756216,911959,435374,1964335
396870,445809,472805,1356883,1401927
996164,1343233,1196223,1289675,1166371
1474843,1289675,584787,288484,761031
300981,1482499,1152507,1774308,108458
197686,52380,906564,579537,397982
296918,636041,1024375,1341272,488776
1235739,1199560,312518,517564,937152
141479,452169,1385765,1537142,946109
345140,1289675,149988,760078,501587
64961,863685,838655,536888,1777040
832750,3331,683237,1495643,593806
1717291,638430,1941992,970096,1678929
501587,1103007,1310950,622532,1321612
1953763,697063,1289675,312414,1992688
1017814,1184105,375283,93699,318282
1763173,372452,330026,1244984,1390438
124592,1620560,1575355,184910,570418
1321733,1006516,1382399,1279868,1661802
1127748,1453448,774617,1925424,1355791
886374,604684,1144204,114655,625788
468376,1618354,1799921,47965,1574874
1916970,1665224,1662055,1391885,1453573
1334709,826887,296430,1257396,1920440
1983820,456002,1560032,1901810,621153
1635383,1731031,8912,208169,1326434
1879842,1662055,1190199,1391885,1453573
863050,1286084,381571,1392512,303577
252909,811670,1910019,406128,275820
1161839,1662055,1391885,1215947,1453573
355794,1651730,1161419,466607,1994794
211469,775775,876745,889656,1671109
1122976,871637,1769149,1567849,565746
1977366,1871240,570087,552842,145757
480722,1474843,761031,1094363,735706
742990,965818,254287,1429699,1430593
758499,197686,1334013,243591,52380
129269,324780,33445,395395,333803
768362,1133301,1777040,451436,536888
429161,1825516,105858,1321612,1289675
5881,1277556,1733816,78006,1192512
506688,1570913,321507,785218,1852163
448414,196338,869553,1666831,1441772
1651730,1161419,692058,1836443,134634
1464842,861556,120859,1705058,832446
1375558,1220160,1562409,867221,1662696
1920825,1358236,1029988,1663682,435134
1094366,44725,996164,193308,818486
1046137,1802070,540905,1606352,1053923
824066,1569201,398798,1982522,755549
149988,345140,1950341,1666831,1770279
1099195,422643,208710,38975,851093
1463537,1611410,1731031,589747,1165940
1390438,137423,709955,1953763,1050828
181359,1642917,1179345,1617330,1276873
1915437,976197,701971,214568,1016069
886374,604684,1144204,114655,625788
609680,1100988,1137393,53206,1186480
760313,38421,683761,1192072,1149752
253166,452084,1140743,1731592,1929320
886374,604684,1144204,114655,625788
862380,523897,1091146,1620198,1765812
824066,393422,1569201,398798,755549
197686,758499,1334013,243591,52380
1335982,516759,508528,1689242,1666520
147578,5881,1277556,1733816,78006
1989546,1083422,1927425,1288296,1897560
853173,629374,214568,730242,1620198
160231,1078532,742956,699436,601950
1248320,1852100,1152547,1159715,647623
429161,102729,1534493,1825516,300129
536888,547253,1155859,419089,132052
1804421,1957926,607891,1466620,861945
25495,24102,1306651,1901994,744651
343484,832750,593806,795038,300981
1280739,1102706,1243366,1438615,897694
806332,1369490,1904307,988809,1638385
1135682,1186776,153087,1833123,1588683
1884392,1680383,335312,1663682,435134
374007,1905749,643317,406863,325149
714605,1871306,260562,1321359,561686
530827,1857875,578800,689569,51349
1438615,1102706,1658675,1243366,897694
621946,605774,994075,1341272,1549711
1162536,1147250,883694,96905,564787
682469,649881,874145,1156641,1809963
692058,454132,1161419,355794,274977
1076761,995751,1285585,793631,181285
1607790,439496,956802,879362,1820957
604684,1144204,114655,526215,625788
1353306,341397,230597,615589,29606
1278830,881415,1066721,1332721,1172024
720384,276219,1129754,1111265,1509013
1156641,1874973,53206,1726393,711213
1989620,1733816,1948194,78006,1192512
1281931,564829,214568,354586,1620198
1237205,1566228,44725,996164,1166371
1280739,1102706,1243366,1438615,897694
213739,520318,1988977,1500434,1021237
996164,1248060,818486,1166371,471510
1355791,118684,1369341,449155,1787203
1988977,520318,1836468,317143,213739
375283,93699,318282,1184105,1017814
1006903,1100622,1846166,1526370,1591279
574255,279792,949820,1079429,877499
1269038,175910,975562,488995,1604351
1472040,76892,1282251,718311,1161804
1911607,982216,122060,1649229,1738168
1688681,1043011,823264,631660,810843
1760700,228740,813836,1757470,726417
1914681,1897560,1503744,1124416,1222380
692058,454132,1161419,355794,274977
940168,1607790,879362,1820957,956802
1216919,630893,1753715,1679467,91440
1659444,1224249,29152,1625906,92679
594905,666949,394718,202119,1666831
692058,454132,1161419,355794,274977
54583,7771,1341272,636041,1549711
840951,178760,1550991,186731,730760
810843,1043011,201063,1701274,1927952
781703,1738382,209641,988284,1049429
214568,61245,1620198,1492096,1783886
1334709,826887,296430,1257396,1920440
396296,1489265,508735,392230,1757456
91734,1144465,697287,1273535,588457
33232,1232232,1671109,1509013,889656
1957485,101120,1571478,657481,296882
597169,521325,1140743,452084,1731592
1680360,1995188,1388835,531619,1562409
824066,1569201,1784892,398798,1982522
421713,1332128,44308,270091,1265716
1042641,1523665,1799756,1351232,205162
975562,175910,1781124,1595168,1634758
3331,593806,643969,1495643,343484
249251,1317123,1606004,1906175,966077
1500380,1494301,1917601,1963841,1073341
994075,1315450,296986,1341272,211329
320076,1463537,262997,1799734,1015473
277950,1079429,279792,433048,835241
254762,1647171,165220,1451840,1547027
988894,824066,1569201,398798,1982522
1161419,355794,1651730,1777525,1932341
823264,1043011,1181357,1927952,810843
758499,197686,1334013,243591,52380
440955,1723726,1345691,815526,1336162
621946,605774,994075,1341272,1549711
203588,1971320,698306,154004,1306651
1753961,964293,1385997,1876468,947860
685102,501587,189703,194028,819661
1955037,1491595,776021,1494182,879213
122931,1243366,1102706,897694,1438615
340123,1159372,1905631,43900,204925
780672,339486,317143,213739,1021237
1018324,1001132,1138310,1273686,1454017
601235,1879861,1331784,1671109,889656
612438,306783,870368,776112,1853461
1961979,1034485,92535,1824257,428385
1622500,330026,1986168,1244984,1953763
1438471,718694,863906,511005,1608790
879213,1067082,1457705,963161,1507716
726053,55233,503671,1554475,1093544
1386174,1459240,1610448,1695061,885394
867781,452084,1731592,1645704,1929320
212925,166575,970698,662501,1780691
186327,422643,1909333,38975,1884713
1840234,896965,1612713,1398855,544065
1918027,1806053,1825026,1194358,1394624
32355,1961598,1255215,1330686,244286
1006015,114933,1959514,1549711,1488299
1775487,1120713,1039212,1604551,1148900
1636511,1139589,1642953,436511,609680
433197,1520304,1575926,1135728,871939
1855966,406128,1733820,1758328,275820
811670,1063109,1910019,949820,275820
423268,1525366,1849008,1961561,587380
419943,1548769,657492,702685,1763891
853173,807897,629374,730242,160944
785602,1682896,254192,1281931,1426882
79069,811964,1398713,356672,1908876
777681,1870458,1509636,1499095,1916249
956802,645760,879362,1820957,1052526
1792194,1691174,266061,588457,1910019
285880,262086,1441669,1831918,713327
1471182,296918,1024375,636041,1341272
354395,731094,156329,185735,835619
1181357,1043011,1927952,810843,1399635
877134,503357,206411,742481,818486
1619042,91732,329902,536888,1777040
1784892,1569201,398798,1982522,755549
1494182,279843,258378,1829989,323204
473320,963161,1507716,1059009,427590
1624235,531318,762623,1920440,873428
886374,604684,1144204,114655,625788
262997,1927425,1288296,1463537,175001
1853488,1162045,1617424,1145375,110595
649012,924248,1094363,1501432,1383157
597792,1506417,255057,464159,165568
1991163,1236459,1734627,1461038,791421
1224249,1853488,1162045,1783835,1936172
794261,690286,1746059,175432,1604551
197686,52380,397982,808650,762443
132925,169918,284666,1955993,925556
1288017,985415,1718657,76420,594905
1380782,589747,1611410,1731031,980805
650820,574255,277950,1717667,279792
835773,1206130,1239145,1289675,1992688
1810882,1989546,1288296,1927425,1897560
526152,1357073,1042641,1799756,395851
364881,1827359,1664080,1009147,479391
1679391,556502,397982,762443,542479
811670,1063109,1910019,949820,275820
886374,604684,1144204,114655,625788
1357235,1456765,666817,91271,858965
1493733,1495500,1674525,1181089,1418171
926645,1133004,1253608,1782537,1874973
1190199,1662055,1199483,1391885,1453573
566908,273252,1846119,124513,206486
447408,1439041,367504,1158807,1970027
356558,38975,116912,1424740,1627900
1315320,1255215,1330686,751795,244286
1829887,1566228,44725,996164,818486
1814159,302122,913586,147182,1365728
1763173,330026,1244984,570683,1390438
1447092,1661135,58194,1497570,579537
1065362,22643,154004,1947620,1306651
1108686,1116051,928627,1535295,1176359
315713,1638370,119662,432535,212574
1669773,1989546,1083422,1927425,1288296
244286,157885,1991163,44748,799956
485629,861945,1243267,607891,1979373
1961979,1034485,1824257,92535,428385
448759,1113994,483833,488866,1389496
1534493,429161,569140,1381847,1825516
876745,1604599,443508,1671109,889656
331710,1607790,956802,879362,1820957
67000,212922,1422161,306789,239880
134699,751931,361796,1955515,536280
1261047,1024375,1341272,1549711,636041
1056640,167299,1932129,21335,902234
1940662,1396919,1663682,1029988,262997
61177,902825,1114571,850286,1920440
683237,343484,3331,1495643,643969
233957,1289675,300129,517564,1199560
698306,154004,1306651,48942,744651
863685,1261047,838655,536888,1777040
491746,805055,543082,756738,1086099
1617122,414047,276004,1882996,129643
1717667,279792,949820,1079429,877499
393422,1569201,398798,755549,1982522
429331,1068633,348254,1976642,297664
1852163,311890,1601807,517564,1961660
1034485,92535,1824257,1289675,428385
1796001,959371,925556,284666,1802814
981647,958555,970096,1834449,954498
1255215,1523201,89664,1410015,244286
886374,604684,1144204,114655,625788
1022496,1370152,278165,996032,1246433
844956,1781124,975562,1604351,175910
1118369,1670678,270224,815507,839001
1902927,1001132,1454017,1247747,1601116
869242,387374,664281,1076031,814398
175432,895369,1403026,1604551,1148900
698718,355327,1955993,640842,1876872
824066,1784892,1569201,398798,1982522
521325,1277661,1140743,452084,1731592
536888,103481,1390955,530827,810614
1102706,1438615,154624,995896,897694
398798,805472,1982522,67667,539951
755868,1802786,1228913,1375558,350585
1048891,1763173,1953763,1156641,1666831
1971953,1483546,1837614,645760,384325
287103,1581300,1491595,152550,1955037
1083236,174537,1731986,1685311,308732
794261,1746059,354349,175432,1148900
1534493,819661,429161,1289675,811976
824066,393422,1569201,398798,755549
1888617,53206,404444,760595,936799
771264,1763173,330026,1244984,1390438
64961,863685,838655,536888,1777040
1278525,174337,648917,654512,1456573
317143,520318,213739,1988977,147182
356558,1289675,116912,1424740,1627900
147578,5881,1277556,1733816,78006
1391662,1176252,806708,91271,666817
1399067,1093876,1642948,856231,1351378
597169,521325,1140743,452084,1731592
203588,1971320,698306,154004,1306651
914016,1186480,1571141,1541401,1470838
902224,1199560,1836443,128460,312518
1930705,58310,1839034,1653057,435444
175232,1465563,861556,1464842,120859
1135682,1186776,153087,1833123,1602091
1043011,540347,1181357,1927952,810843
1317341,1637814,1158740,311548,540149
1879842,1662055,1190199,1391885,1453573
1001132,429161,1454017,1534493,1825516
1391885,1190199,1453573,1530560,173024
914086,688136,1606363,1399635,718311
1516585,1340402,417058,67063,817406
886374,604684,1144204,114655,625788
1758462,832809,1488183,1161804,1310113
1718822,142210,1746721,1051241,267610
1320558,398798,817156,755549,1982522
921397,1133539,1817122,1330433,1368778
13391,345140,149988,1950341,501587
256187,92535,1824257,106823,428385
937673,1367098,47965,634875,1574874
1824257,47202,1584454,428385,318991
1705058,861556,152029,120859,724081
1376987,513927,1499755,1880037,1265325
829813,1080665,1224249,407770,1002938
1161419,152569,165230,692058,1836443
823264,1043011,1181357,1927952,810843
1897560,1095899,1713582,561358,1675370
984076,878464,1783699,921397,1817122
1233092,1392350,1176834,1620198,1387413
1634758,1541326,1604351,1947370,1739172
698306,154004,347907,1306651,744651
355794,1836443,1651730,1161419,1047027
1835330,1029988,781005,1806682,1346371
147578,1277556,5881,1733816,78006
886374,604684,1144204,114655,625788
1262592,1437270,922724,479440,1453448
103448,1741537,1570913,186859,321507
1902950,401238,1666831,974323,288593
1505734,810907,1931525,814469,1504954
1034485,1931742,840951,1661802,428385
918067,650828,38394,1085942,1951034
1042017,1466072,1992688,1395157,1661099
1651730,1691980,1161419,1024184,274977
1705058,690119,1464842,455380,1800866
70422,1511781,1395216,1395348,1370627
843125,1482791,1227232,1222468,1017561
1920825,537245,1358236,1029988,1663682
876745,1490268,1421741,1671109,889656
296761,145162,988066,1930138,1022496
1200510,328673,1872417,1604351,351484
175910,1781124,846508,1634758,1604351
222969,805472,152550,1491595,1829989
1621696,1471182,1024375,296918,1341272
782928,812219,1875282,650820,1717667
659459,240019,1090579,274347,731853
284159,398798,1982522,191463,755549
839001,1654983,1511600,120859,31390
521325,452084,597169,1140743,1731592
1955993,640842,1570913,1876872,1669491
441576,1445029,1277556,1546285,663608
1815833,547537,422643,609811,38975
621605,1662055,1391885,450584,1453573
122931,1243366,897694,1102706,1438615
1336871,690348,154221,1341099,1779841
1426133,346361,1807143,332174,745103
1871724,97381,415835,1758462,832809
1398519,1317574,261847,955499,1581714
1665224,1662055,1190199,1391885,1453573
409747,1289675,116912,1627900,1424740
1141607,1320110,1200034,1940852,761587
794261,690286,1746059,175432,1604551
1680360,1995188,1388835,531619,1562409
1248907,154860,1490421,25492,1526418
989425,1267972,102896,318498,1071859
1138805,1162045,494579,110595,863581
815351,217319,1246787,278165,1148978
1850131,649732,745103,292022,139369
397763,1979307,265843,1828430,1678929
942064,134878,1764660,1160631,471648
1483546,1925756,645760,1837614,384325
1988283,905080,1100125,1230891,85219
863426,1385540,787117,1908771,423837
758499,197686,1334013,243591,52380
1086099,1019855,76367,528242,1042658
1231992,1500278,1407162,1701278,1103987
1140030,118286,28416,1276763,953947
886374,604684,1144204,114655,625788
1418110,1425916,444546,428385,1661802
794261,690286,1746059,175432,1604551
1025062,1617710,64842,1688713,1447552
1345019,1611103,1483603,556518,1874973
611539,1748821,1762606,771207,939891
1650156,1961877,636025,702370,1040462
522350,1060255,1198797,777057,1267614
1988977,317143,213739,780672,144649
208948,204925,1006422,311600,500216
392679,1330686,675132,244286,1423700
132925,169918,284666,1955993,925556
323020,702370,1068791,480316,1437270
1045561,1930138,988066,1022496,1999433
775027,425487,1100125,1988283,658901
144735,599979,1281931,1346827,884496
1237205,1566228,44725,996164,818486
1043011,1927952,67403,174641,810843
271455,970698,53206,1065362,1182753
1043011,1927952,67403,174641,810843
1043011,1181357,1927952,810843,699327
1960457,1298935,933906,1475366,1741548
313365,666807,272482,1278951,1734605
758499,197686,1334013,243591,52380
44725,996164,1666831,1068410,818486
1190199,1665224,1662055,1391885,1453573
397572,876745,100725,1671109,889656
894987,454132,1161419,355794,274977
1182753,565158,565665,1065362,699175
775905,453008,332535,747869,639425
544080,942784,1945810,1220053,1911966
43273,44725,392404,696813,818486
273540,816219,1879552,1702752,1642832
780672,317143,520318,213739,1988977
524535,332753,251013,1439041,377637
1471182,1024375,1341272,636041,1549711
816024,925556,1955993,284666,911959
1024444,998996,1642444,1731592,724947
1403154,92535,1824257,1556072,428385
804089,1122976,1769149,565746,1048878
559779,1158874,422643,1129686,1146350
1508550,363773,1736212,353376,1130786
1793913,93601,1942784,1494780,1287079
435637,996032,1370152,1246433,789253
1438615,897694,29476,691046,243436
347907,1306651,154004,744651,608015
1693164,1953894,612438,944992,58310
1831984,196768,1109397,729908,871817
435637,996032,1496122,1370152,1246433
924293,631187,835619,1625700,1422122
1981166,1895371,244286,738774,816660
798486,1306651,1052930,1168726,744651
921397,1330433,1817122,1273280,331935
1665545,1485077,375741,1341272,1549711
331710,1607790,956802,879362,1820957
175910,533760,1604351,1947370,1634758
1038166,252909,806708,1397630,1691123
1009297,1379843,926376,15827,83548
886374,604684,1144204,114655,625788
709955,621605,450584,1396425,1345336
956802,879362,1820957,447481,1334694
1242186,1599722,1678929,589460,1834449
1486481,1829989,481238,777916,396296
1137136,1195590,1586790,741961,1724982
1621696,1471182,1024375,296918,1341272
58097,1374877,1330803,1277661,214568
348254,375283,93699,318282,1184105
1395348,1292393,225154,798729,1306273
536280,751931,361796,132652,1911966
244286,667745,620949,310001,799956
1569201,398798,329094,1622561,1982522
1233895,690286,1746059,175432,1148900
1463703,674956,58310,1953894,612438
58987,1029988,435134,1666831,80738
435637,1496122,996032,1370152,1246433
387175,329049,1261124,739563,86981
782509,1053137,695838,1004720,719581
288484,260891,1679033,761031,1094363
631248,914061,122193,1918027,1149792
1232547,1805867,330026,1390438,1244984
586564,1764719,1747734,1571763,278165
670987,1802623,878997,1768781,1471103
869751,391169,461264,1345691,815526
1029683,165855,791977,1610448,805642
1034485,1273143,92535,1824257,428385
862573,75035,1834393,1359819,1589409
440063,491746,1854340,1610899,1086099
295890,479391,1664080,1385416,1009147
835773,843115,199713,1187764,367504
996164,1026496,1112231,1166371,818486
1562409,985415,76420,594905,1942784
1235533,149988,345140,1950341,501587
243591,264619,70350,52380,1648114
1235533,1698678,345140,149988,501587
145817,1522622,1292945,1173245,1043423
1235865,1422604,251,729625,1549795
1961979,1034485,92535,1824257,428385
313114,1142221,1174689,85637,689181
197686,758499,1334013,243591,52380
1971320,1922207,154004,744651,1306651
1235189,45899,373499,1394233,1661093
688352,32355,1255215,244286,799956
1174948,1763173,1390438,1244984,330026
975562,175910,1781124,1604351,488995
996032,1370152,1860133,259308,1246433
940168,1607790,879362,1820957,956802
1661467,1815471,1679943,1917876,367148
558188,42410,1666831,1165492,1077394
1255667,1066896,1924959,692405,761380
356558,1289675,116912,1424740,1627900
622532,1076031,723504,819984,1643142
287901,936416,657328,1039109,1526418
362184,1785696,245375,733795,1794236
748571,278165,1231381,1232232,1529007
330026,1244984,1390438,612466,1050828
264181,698306,1306651,744651,1947620
1606002,925556,284666,581416,1489933
1078532,399848,333799,1414587,742956
1343422,62334,1616067,537971,1262850
1668670,1929320,639427,1192446,724025
435952,147578,5881,1277556,78006
886374,604684,1144204,114655,625788
1317083,741101,996562,729908,1095502
547502,425843,1664080,479391,1009147
775775,33232,876745,1671109,889656
904844,814389,1027398,1840587,1391662
363215,565665,1943954,1001132,1802109
248466,1359819,1262963,455380,858965
448414,869553,196338,768326,1441772
209543,1041361,1500845,1957485,1197021
1282251,76892,1960457,718311,1634421
183907,1820957,956802,879362,331710
794261,690286,1746059,175432,1604551
1883599,1278761,781555,1802623,132571
61765,1503808,954628,1554401,94339
537245,1358236,1663682,1029988,435134
58310,1273396,556969,161049,812333
196312,661188,924641,1156807,357341
331710,1607790,956802,879362,1820957
1190199,1665224,1662055,1391885,1453573
345140,1289675,149988,760078,501587
830723,882671,402235,1125973,1453448
1190199,1391885,490132,943546,1453573
197686,758499,1334013,243591,592503
1022496,1184105,1017814,1685887,1078555
147578,5881,1733816,1277556,78006
331710,1607790,956802,879362,1820957
196768,1036412,1273686,1890843,1001132
429161,102729,1534493,1825516,300129
1441438,1448183,1425727,1309434,1293311
1281931,564829,1001132,1454017,354586
780672,317143,520318,213739,1988977
1856965,1628464,1897560,1741548,933906
798423,802903,136352,29152,1306651
1243366,897694,1102706,1438615,1666831
731094,453955,1525553,1700614,720384
863685,768362,1133301,536888,1777040
174240,1406728,751459,1113294,367345
749252,749891,1886660,1470838,1702658
1496821,950307,1918027,1001104,1279220
1237205,1566228,44725,996164,1166371
152439,1094363,1271567,1726134,588508
1808889,1336863,1678929,626190,251137
1474526,1670549,1908538,151597,1070094
1102706,738935,66362,1438615,1694138
1971953,1837614,1483546,384325,645760
527081,684004,1125973,479440,1437270
824066,398798,191463,1320558,1982522
1674011,1548125,949820,1958514,272415
1689103,1230038,1322839,1967739,1357865
53206,1751858,1250419,1121551,1642953
1334709,1764123,1257396,296430,1920440
387462,1022938,1947090,512081,297944
64842,544334,14297,1752756,1070882
1642801,1282033,1354262,569307,1130166
1866623,372903,327277,544800,27815
58097,1330803,694072,214568,1620198
1922497,224390,403051,1645018,1654062
197686,1334013,243591,52380,1319949
312547,1052239,1188521,1214449,1910112
850058,1961004,797995,109060,248908
1161387,92535,1034485,1824257,428385
1611410,1547505,325237,1531270,955832
683237,1495643,675027,643969,593806
1278884,647736,217319,91271,666817
1665545,1395348,1485077,577552,137273
743487,484809,929526,152029,921710
150520,1636098,741592,1921171,1640082
1635818,1010437,407187,873914,1988087
13032,1391662,1313722,1879644,190085
1594164,1307481,1911607,122060,1649229
863685,768362,1133301,536888,1777040
570281,428385,329059,1824257,164408
1852163,311890,1367098,47965,1574874
39011,1307481,1911607,122060,1649229
537245,1358236,1663682,1029988,435134
1534493,429161,1092335,1224075,1825516
197686,1334013,243591,52380,397982
1162045,1617424,1145375,698544,110595
738071,66362,211418,1951034,1545967
345140,1289675,149988,760078,501587
58491,1109397,253408,656567,1189911
705540,1043011,1181357,1927952,810843
1562409,61730,248064,1624078,1592650
99729,466782,1356145,1213714,345140
549040,1399635,761031,1094363,1381847
732222,1437270,688351,1125973,1323451
1820957,282802,956802,450026,1908771
1826088,686704,609680,1642953,53206
1534493,429161,632654,1825516,1289675
319077,1555010,479391,1664080,1009147
1834650,471974,1617710,495674,64842
682469,952108,873643,1156641,1289675
1718657,1562409,76420,594905,1942784
444546,1425916,428385,1824257,1661802
1428421,208242,1136129,1326266,1360612
1277240,1906488,594905,1942784,1020120
175232,1465563,861556,1464842,120859
804089,871637,1567849,1769149,1048878
167322,182440,631660,1847037,810843
1801556,1190199,1391885,1453573,1423453
1024375,54583,1341272,636041,1549711
1436984,1911966,1399067,856231,586564
1476641,1752146,1883939,689181,234696
1189209,1369490,1904307,988809,1638385
1464517,1365698,61298,720384,544080
284666,561161,1821172,305003,911959
1161804,1259569,1658699,1326739,644602
1730751,1989546,1083422,1927425,1288296
1176252,1253557,741340,1840587,1391662
911214,1264243,463975,805014,1717667
559779,883283,422643,797777,38975
354349,794261,1746059,175432,1148900
33232,876745,1016069,1671109,889656
245320,869553,448414,196338,1441772
129660,1429740,1424740,1627900,1627940
1658675,1268253,1438615,1243366,243436
1835330,325237,435134,1680383,955832
988894,824066,1569201,398798,1982522
1575355,420983,456451,184910,124592
718549,1864761,1431576,816661,404696
1447224,1961943,1777040,536888,768362
559779,1666831,829236,962408,1231381
348254,375283,93699,318282,1017814
631413,1762606,1895907,186997,1666635
127146,1102553,1989546,1288296,1927425
1339421,1536652,1891692,1671109,889656
1886038,1226389,1790857,910835,355868
447408,633074,848003,1385982,135727
621409,1089286,1255917,826186,943867
1607790,1540929,879362,1820957,956802
1224953,664281,753348,1682896,254192
1288296,1555284,1927425,751073,1897560
1779607,1319198,613027,1606253,413383
44684,175432,1058528,795377,1604551
76420,501177,594905,1616143,1942784
393422,1569201,817156,398798,755549
784136,1707619,1618995,1752901,1613445
1358109,751931,361796,419174,1911966
422643,710972,1241607,38975,1823446
209641,954541,159395,988284,1181134
1963252,382270,276004,996164,818486
947046,1571349,53206,127808,602331
1677283,3991,1747751,691689,669828
886374,604684,1144204,114655,625788
1347468,1413720,429161,1534493,1825516
1401683,1953894,612438,944992,58310
1853250,1145375,1617424,1162045,1511941
994177,732704,340674,1818976,651181
1083422,127146,1989546,1927425,1288296
147578,5881,1277556,1733816,78006
1206130,1239145,1620198,1289675,1992688
1390438,330026,1244984,612466,1050828
413232,1786474,1457705,350548,237291
1140743,452084,1731592,1298160,1872381
1372292,315418,1138380,1440980,1243267
32355,1961598,1255215,1330686,244286
1255215,1330686,244286,1339421,1536652
815526,1049631,1282251,76892,718311
1199319,1903799,1634421,905497,1954677
851049,288484,427539,144649,761031
1663682,1029988,1928835,1835330,435134
639427,724025,1668670,1929320,1192446
1820957,1245745,1694325,1305840,411686
93699,318282,1926850,1017814,1184105
1636511,936799,1642953,609680,436511
